ID,Region,Target,RA,DEC,Angular Separation,Instrument/Grating/Cenwave,T_exp,SNR,PID
C1,SMC N88A,2dFS 3694,01 24 34.445,-73 09 08.88,1.9,COS/G130M/1291,1534.400,56.535268716946476,16101
C1,SMC N88A,2dFS 3694,01 24 34.445,-73 09 08.88,1.9,COS/G160M/1611,2336.032,27.326027350917045,16101
D1,SMC N90,SK 183,01 29 24.548,-73 33 16.35,1.01,STIS/E140M/1425,2707.000,17.78372342037122,15837
D1,SMC N90,SK 183,01 29 24.548,-73 33 16.35,1.01,COS/G130M/1096,1736.064,18.298522512502938,16808
D1,SMC N90,SK 183,01 29 24.548,-73 33 16.35,1.01,COS/G130M/1096,1736.096,17.544820758296975,17295
A1,SMC N66A,Cl* NGC 346 ELS 22,00 59 18.618,-72 11 09.89,0.35,COS/G130M/1291,360.000,27.03297773821972,11625
A1,SMC N66A,Cl* NGC 346 ELS 22,00 59 18.618,-72 11 09.89,0.35,COS/G130M/1327,360.032,28.33878123101489,11625
A1,SMC N66A,Cl* NGC 346 ELS 22,00 59 18.618,-72 11 09.89,0.35,COS/G160M/1577,560.032,15.813357163054587,11625
A1,SMC N66A,Cl* NGC 346 ELS 22,00 59 18.618,-72 11 09.89,0.35,COS/G160M/1623,560.032,14.968419354226778,11625
A2,SMC N66A,Cl* NGC 346 ELS 50,00 58 55.221,-72 09 06.69,2.42,COS/G130M/1096,9965.762,20.820481813317983,16103
A2,SMC N66A,Cl* NGC 346 ELS 50,00 58 55.221,-72 09 06.69,2.42,COS/G130M/1291,335.008,22.13951114118966,11625
A2,SMC N66A,Cl* NGC 346 ELS 50,00 58 55.221,-72 09 06.69,2.42,COS/G130M/1327,334.016,22.95295878773964,11625
A2,SMC N66A,Cl* NGC 346 ELS 50,00 58 55.221,-72 09 06.69,2.42,COS/G160M/1623,600.192,13.085328594369049,11625
A3,SMC N66A,Cl* NGC 346 ELS 51,00 59 08.697,-72 10 14.14,0.92,COS/G130M/1096,9959.808,19.21515120669958,16103
A3,SMC N66A,Cl* NGC 346 ELS 51,00 59 08.697,-72 10 14.14,0.92,COS/G130M/1291,360.032,21.985468679250666,11625
A3,SMC N66A,Cl* NGC 346 ELS 51,00 59 08.697,-72 10 14.14,0.92,COS/G130M/1327,360.032,22.66834498277992,11625
A3,SMC N66A,Cl* NGC 346 ELS 51,00 59 08.697,-72 10 14.14,0.92,COS/G160M/1577,648.224,13.661836465544237,11625
A3,SMC N66A,Cl* NGC 346 ELS 51,00 59 08.697,-72 10 14.14,0.92,COS/G160M/1623,648.224,12.844092058997061,11625
A4,SMC N66A,Cl* NGC 346 ELS 7,00 58 57.396,-72 10 33.66,1.38,STIS/E140M/1425,5400.000,16.684995778177978,7437
A5,SMC N66A,Cl* NGC 346 MPG 782,00 59 30.385,-72 09 09.63,2.25,COS/G130M/1096,10611.616,27.86794718990078,16371
A5,SMC N66A,Cl* NGC 346 MPG 782,00 59 30.385,-72 09 09.63,2.25,COS/G130M/1291,959.456,36.76133292900649,16371
A6,SMC N66A,Cl* NGC 346 NMC 17,00 59 06.750,-72 10 41.26,0.68,STIS/E140M/1425,9360.000,12.145611636773086,7437
A7,SMC N66A,Cl* NGC 346 NMC 28,00 59 01.819,-72 10 31.22,1.09,STIS/E140M/1425,6000.00,15.64368418615657,7437
A7,SMC N66A,Cl* NGC 346 NMC 28,00 59 01.819,-72 10 31.22,1.09,COS/G130M/1096,4394.784,22.24630644880427,16013
A8,SMC N66A,Cl* NGC 346 SSN 25,00 59 12.322,-72 11 07.91,0.17,STIS/E140M/1425,2707.000,8.783622024157221,15837
A9,SMC N66A,Cl* NGC 346 SSN 7,00 59 04.496,-72 10 24.74,0.98,STIS/E140M/1425,2210.200,21.433405001961656,16805
A10,SMC N66A,Cl* NGC 346 W 3,00 59 00.759,-72 10 28.17,1.19,STIS/E140M/1425,2215.200,17.792939960749088,16098
A10,SMC N66A,Cl* NGC 346 W 3,00 59 00.759,-72 10 28.17,1.19,STIS/E140M/1425,2567.200,18.98773723777273,16098
A10,SMC N66A,Cl* NGC 346 W 3,00 59 00.759,-72 10 28.17,1.19,STIS/E140M/1425,2700.000,21.190235677948795,7437
A11,SMC N66A,Cl* NGC 346 W 4,00 59 00.053,-72 10 37.96,1.17,STIS/E140M/1425,2707.000,15.250692447629763,15837
A12,SMC N66A,HD 5980,00 59 26.584,-72 09 53.93,1.48,STIS/E140M/1425,2028.000,35.57592514586241,14476
A12,SMC N66A,HD 5980,00 59 26.584,-72 09 53.93,1.48,STIS/E140M/1425,2070.000,33.61916516491372,13373
A12,SMC N66A,HD 5980,00 59 26.584,-72 09 53.93,1.48,STIS/E140M/1425,2548.000,41.03489795866341,11623
A12,SMC N66A,HD 5980,00 59 26.584,-72 09 53.93,1.48,STIS/E140M/1425,2608.000,39.298633307636905,13373
A12,SMC N66A,HD 5980,00 59 26.584,-72 09 53.93,1.48,STIS/E140M/1425,2627.000,41.38969219025675,11623
A12,SMC N66A,HD 5980,00 59 26.584,-72 09 53.93,1.48,STIS/E140M/1425,2776.000,46.628359307816005,9094
A12,SMC N66A,HD 5980,00 59 26.584,-72 09 53.93,1.48,STIS/E140M/1425,2837.000,42.512587451013914,14476
A12,SMC N66A,HD 5980,00 59 26.584,-72 09 53.93,1.48,STIS/E140M/1425,3236.000,61.81878189801869,7480
A12,SMC N66A,HD 5980,00 59 26.584,-72 09 53.93,1.48,STIS/E230M/1978,1609.000,37.01731271635944,9094
A12,SMC N66A,HD 5980,00 59 26.584,-72 09 53.93,1.48,STIS/E230M/2707,1300.000,46.914611154795054,9094
A13,SMC N66A,SK 80,00 59 31.975,-72 10 46.11,1.38,STIS/E140M/1425,1200.000,17.96584471635056,9434
B1,SMC N81,AzV 446,01 09 25.427,-73 09 29.91,2.31,COS/G130M/1291,323.008,31.89182548030196,11625
B1,SMC N81,AzV 446,01 09 25.427,-73 09 29.91,2.31,COS/G130M/1327,323.040,33.20771758939861,11625
B1,SMC N81,AzV 446,01 09 25.427,-73 09 29.91,2.31,COS/G160M/1577,630.208,20.866217822911345,11625
B1,SMC N81,AzV 446,01 09 25.427,-73 09 29.91,2.31,COS/G160M/1623,620.192,20.468889482403096,11625
F1,LMC N11B,BI 42,04 57 00.885,-66 24 25.21,1.42,STIS/E140M/1425,2240.000,10.843903713796877,14675
F1,LMC N11B,BI 42,04 57 00.885,-66 24 25.21,1.42,STIS/E140M/1425,2750.000,11.397921265157098,14675
F1,LMC N11B,BI 42,04 57 00.885,-66 24 25.21,1.42,STIS/E140M/1425,2778.000,11.61322162194594,14675
F1,LMC N11B,BI 42,04 57 00.885,-66 24 25.21,1.42,STIS/E230M/1978,2240.000,13.77098011322673,14675
F1,LMC N11B,BI 42,04 57 00.885,-66 24 25.21,1.42,STIS/E230M/1978,2730.000,14.599554513893763,14675
F2,LMC N11B,BRRG 75,04 56 43.276,-66 25 02.49,0.55,STIS/E140M/1425,2192.200,15.05854349677752,16820
F2,LMC N11B,BRRG 75,04 56 43.276,-66 25 02.49,0.55,STIS/E140M/1425,2548.200,16.26275722413107,16820
F3,LMC N11B,PGMW 3053,04 56 41.048,-66 24 40.54,0.59,COS/G130M/1291,475.232,36.82655958620816,16095
F4,LMC N11B,PGMW 3058,04 56 42.134,-66 24 54.71,0.55,COS/G130M/1291,2066.368,44.270283273929536,16319
F4,LMC N11B,PGMW 3058,04 56 42.134,-66 24 54.71,0.55,COS/G160M/1611,1996.096,18.814469722189475,16319
F5,LMC N11B,PGMW 3100,04 56 45.203,-66 25 10.78,0.57,COS/G130M/1291,1990.400,36.25285861542035,16094
F5,LMC N11B,PGMW 3100,04 56 45.203,-66 25 10.78,0.57,COS/G160M/1611,1968.096,17.367506245831496,16094
F6,LMC N11B,PGMW 3120,04 56 46.798,-66 24 46.86,0.15,STIS/E140M/1425,2291.000,7.703560612611212,8320
F6,LMC N11B,PGMW 3120,04 56 46.798,-66 24 46.86,0.15,STIS/E140M/1425,3152.000,9.233178204232658,8320
F6,LMC N11B,PGMW 3120,04 56 46.798,-66 24 46.86,0.15,STIS/E230M/1978,1570.000,8.592352800252797,14675
F6,LMC N11B,PGMW 3120,04 56 46.798,-66 24 46.86,0.15,STIS/E230M/1978,2240.000,10.063374703550991,14675
F7,LMC N11B,PGMW 3168,04 56 54.460,-66 24 15.87,0.84,COS/G130M/1291,1970.400,53.38098870291196,16818
F7,LMC N11B,PGMW 3168,04 56 54.460,-66 24 15.87,0.84,COS/G160M/1611,1964.032,22.781357625332745,16818
F8,LMC N11B,PGMW 3204,04 56 58.790,-66 24 40.71,1.19,STIS/E140M/1425,2176.200,10.163853911223438,16815
F8,LMC N11B,PGMW 3204,04 56 58.790,-66 24 40.71,1.19,STIS/E140M/1425,2548.198,10.716028642193407,16815
F8,LMC N11B,PGMW 3204,04 56 58.790,-66 24 40.71,1.19,STIS/E140M/1425,2548.199,10.805349965385933,16815
F9,LMC N11B,[L72] LH 10-3061,04 56 42.507,-66 25 18.22,0.8,COS/G130M/1291,2066.368,42.26077053251266,16811
F9,LMC N11B,[L72] LH 10-3061,04 56 42.507,-66 25 18.22,0.8,COS/G160M/1611,1996.096,20.85409671306676,16811
E1,30 Doradus,BAT99 113,05 38 43.092,-69 05 46.90,1.15,COS/G130M/1291,2062.400,44.34164274437275,16812
E1,30 Doradus,BAT99 113,05 38 43.092,-69 05 46.90,1.15,COS/G160M/1611,2004.032,20.8778188869626,16812
E2,30 Doradus,BAT99 114,05 38 43.200,-69 06 14.60,1.45,COS/G130M/1291,2072.416,38.395004044861416,16812
E2,30 Doradus,BAT99 114,05 38 43.200,-69 06 14.60,1.45,COS/G160M/1611,2024.096,17.493318672509798,16812
E3,30 Doradus,Brey 77,05 38 42.104,-69 05 55.34,1.3,STIS/E140M/1425,2192.200,11.86108855951817,16090
E3,30 Doradus,Brey 77,05 38 42.104,-69 05 55.34,1.3,STIS/E140M/1425,2638.199,12.95329500094985,16090
E3,30 Doradus,Brey 77,05 38 42.104,-69 05 55.34,1.3,STIS/E140M/1425,2638.200,12.49647754313851,16090
E4,30 Doradus,Cl* NGC 2070 MEL 25,05 38 41.551,-69 05 19.50,1.09,COS/G130M/1291,2054.400,44.40941936233985,16810
E5,30 Doradus,Cl* NGC 2070 MEL 47,05 38 37.718,-69 05 20.97,1.44,STIS/E140M/1425,2728.000,6.14943430612063,15629
E6,30 Doradus,Cl* NGC 2070 MEL 55,05 38 33.975,-69 04 21.23,1.91,COS/G130M/1291,4774.368,34.43186753914887,16815
E6,30 Doradus,Cl* NGC 2070 MEL 55,05 38 33.975,-69 04 21.23,1.91,COS/G160M/1611,4410.784,16.944161580229355,16815
E7,30 Doradus,Cl* NGC 2070 MH 57,05 38 40.216,-69 05 59.92,1.48,COS/G130M/1291,2040.384,56.466478937312054,16093
E7,30 Doradus,Cl* NGC 2070 MH 57,05 38 40.216,-69 05 59.92,1.48,COS/G160M/1611,2080.064,27.18738501416535,16093
E8,30 Doradus,RMC 140,05 38 41.616,-69 05 13.96,1.08,STIS/E140M/1425,2670.000,14.744041704370265,16272
